{
  "hash": "e2d7e46a",
  "configHash": "6d42d899",
  "lockfileHash": "2f550d46",
  "browserHash": "dd533431",
  "optimized": {
    "@angular/common/http": {
      "src": "../../../../../../node_modules/@angular/common/fesm2022/http.mjs",
      "file": "@angular_common_http.js",
      "fileHash": "3c9657c5",
      "needsInterop": false
    },
    "@angular/core": {
      "src": "../../../../../../node_modules/@angular/core/fesm2022/core.mjs",
      "file": "@angular_core.js",
      "fileHash": "9f25c2b6",
      "needsInterop": false
    },
    "@angular/forms": {
      "src": "../../../../../../node_modules/@angular/forms/fesm2022/forms.mjs",
      "file": "@angular_forms.js",
      "fileHash": "734172f7",
      "needsInterop": false
    },
    "@angular/platform-browser": {
      "src": "../../../../../../node_modules/@angular/platform-browser/fesm2022/platform-browser.mjs",
      "file": "@angular_platform-browser.js",
      "fileHash": "9e02c902",
      "needsInterop": false
    },
    "@angular/common": {
      "src": "../../../../../../node_modules/@angular/common/fesm2022/common.mjs",
      "file": "@angular_common.js",
      "fileHash": "ccdfdfad",
      "needsInterop": false
    }
  },
  "chunks": {
    "chunk-RCVZ62CA": {
      "file": "chunk-RCVZ62CA.js"
    },
    "chunk-ZE42TI64": {
      "file": "chunk-ZE42TI64.js"
    },
    "chunk-GB6FJQH3": {
      "file": "chunk-GB6FJQH3.js"
    },
    "chunk-GK55JUQB": {
      "file": "chunk-GK55JUQB.js"
    }
  }
}