{
  "hash": "2815f946",
  "configHash": "a9d6e636",
  "lockfileHash": "4ff7a32c",
  "browserHash": "d8728d70",
  "optimized": {
    "@angular/common": {
      "src": "../../../../../../node_modules/@angular/common/fesm2022/common.mjs",
      "file": "@angular_common.js",
      "fileHash": "524143c4",
      "needsInterop": false
    },
    "@angular/core": {
      "src": "../../../../../../node_modules/@angular/core/fesm2022/core.mjs",
      "file": "@angular_core.js",
      "fileHash": "f72e9792",
      "needsInterop": false
    },
    "@angular/forms": {
      "src": "../../../../../../node_modules/@angular/forms/fesm2022/forms.mjs",
      "file": "@angular_forms.js",
      "fileHash": "c27c540a",
      "needsInterop": false
    },
    "@angular/platform-browser": {
      "src": "../../../../../../node_modules/@angular/platform-browser/fesm2022/platform-browser.mjs",
      "file": "@angular_platform-browser.js",
      "fileHash": "6463689a",
      "needsInterop": false
    },
    "@angular/router": {
      "src": "../../../../../../node_modules/@angular/router/fesm2022/router.mjs",
      "file": "@angular_router.js",
      "fileHash": "a99853e8",
      "needsInterop": false
    }
  },
  "chunks": {
    "chunk-OLEY3AMY": {
      "file": "chunk-OLEY3AMY.js"
    },
    "chunk-KSXU6XDB": {
      "file": "chunk-KSXU6XDB.js"
    },
    "chunk-QUW5EQHX": {
      "file": "chunk-QUW5EQHX.js"
    }
  }
}