{
  "hash": "1eebeaab",
  "configHash": "69ce2e7f",
  "lockfileHash": "d5f828d1",
  "browserHash": "0cf56472",
  "optimized": {
    "@angular/common": {
      "src": "../../../../../../node_modules/@angular/common/fesm2022/common.mjs",
      "file": "@angular_common.js",
      "fileHash": "98b8b179",
      "needsInterop": false
    },
    "@angular/common/http": {
      "src": "../../../../../../node_modules/@angular/common/fesm2022/http.mjs",
      "file": "@angular_common_http.js",
      "fileHash": "ca29477e",
      "needsInterop": false
    },
    "@angular/core": {
      "src": "../../../../../../node_modules/@angular/core/fesm2022/core.mjs",
      "file": "@angular_core.js",
      "fileHash": "db5d6de2",
      "needsInterop": false
    },
    "@angular/forms": {
      "src": "../../../../../../node_modules/@angular/forms/fesm2022/forms.mjs",
      "file": "@angular_forms.js",
      "fileHash": "236a7d0a",
      "needsInterop": false
    },
    "@angular/platform-browser": {
      "src": "../../../../../../node_modules/@angular/platform-browser/fesm2022/platform-browser.mjs",
      "file": "@angular_platform-browser.js",
      "fileHash": "eb4db099",
      "needsInterop": false
    }
  },
  "chunks": {
    "chunk-XXLTBW6E": {
      "file": "chunk-XXLTBW6E.js"
    },
    "chunk-B32Y6TVP": {
      "file": "chunk-B32Y6TVP.js"
    },
    "chunk-DTYUS5ON": {
      "file": "chunk-DTYUS5ON.js"
    }
  }
}